{
  "val_loss": 1.8314471435546875,
  "acc_product": 0.62,
  "acc_quantity": 0.69,
  "f1_product": 0.591454993807935,
  "f1_quantity": 0.6820547170547171
}